Objetivo;Estudiante;Entrega;Correccion;Incompleto
0; moshidev;2023-09-15T09:37:16+02:00;2023-09-15T12:17:20+02:00;Completo
0; carlosservi;2023-09-15T09:48:38+02:00;2023-09-16T10:07:45+02:00;Completo
0; adelahera;2023-09-15T12:34:20+02:00;2023-09-16T09:26:16+02:00;Completo
0; pluque01;2023-09-15T13:12:19+02:00;2023-09-16T09:59:50+02:00;Completo
0; carlotiii30;2023-09-15T13:12:32+02:00;2023-09-16T13:25:41+02:00;Completo
0; diagmatrix;2023-09-15T13:53:05+02:00;2023-09-15T17:37:55+02:00;Completo
0; smallPingu;2023-09-15T14:00:13+02:00;2023-09-29T14:23:28+02:00;Completo
0; MarioGuisado;2023-09-15T14:05:23+02:00;2023-09-21T13:45:29+02:00;Completo
0; danieeeld2;2023-09-15T14:06:41+02:00;2023-09-15T17:31:45+02:00;Completo
0; raultl12;2023-09-15T14:09:16+02:00;2023-09-16T10:12:27+02:00;Completo
0; chelunike;2023-09-15T14:42:09+02:00;2023-09-22T17:33:50+02:00;Completo
0; spmanolo;2023-09-15T17:04:57+02:00;2023-09-16T11:48:16+02:00;Completo
0; Morad02;2023-09-15T17:09:39+02:00;2023-09-18T07:32:50+02:00;Completo
0; puchy22;2023-09-15T20:08:02+02:00;2023-09-16T11:34:57+02:00;Completo
0; manuelvico0102;2023-09-16T20:23:00+02:00;2023-09-17T11:44:52+02:00;Completo
0; Enaraque;2023-09-17T17:25:18+02:00;2023-09-21T14:21:38+02:00;Completo
0; javigp2002;2023-09-18T01:21:07+02:00;2023-09-21T13:59:08+02:00;Completo
0; JaimeGM96;2023-09-18T10:40:15+02:00;2023-09-29T07:36:14+02:00;Completo
0; marinajcs;2023-09-18T18:46:30+02:00;2023-09-18T19:20:48+02:00;Completo
0; johnwaves;2023-09-18T19:11:48+02:00;2023-09-21T13:56:31+02:00;Completo
0; sergioae19;2023-09-18T19:24:38+02:00;2023-10-04T12:08:14+02:00;Completo
0; LuciaAnsino;2023-09-19T10:57:57+02:00;2023-09-21T14:03:28+02:00;Completo
0; Christianlr;2023-09-19T16:55:55+02:00;2023-09-21T14:15:11+02:00;Completo
0; migueruiz;2023-09-19T18:52:02+02:00;2023-09-19T20:44:58+02:00;Completo
0; PabloBarTo;2023-09-19T20:45:56+02:00;2023-09-21T14:39:55+02:00;Completo
0; DarckMonster;2023-09-20T13:56:28+02:00;2023-09-22T14:25:46+02:00;Completo
0; giorgiogiovanni;2023-09-21T11:29:30+02:00;2023-10-06T13:52:13+02:00;Completo
0; Amadorcm;2023-09-22T09:15:31+02:00;;Incompleto
0; albertolj;2023-09-22T10:06:34+02:00;2023-09-29T09:52:12+02:00;Completo
0; shvtwp;2023-09-26T13:03:50+02:00;2023-09-28T12:00:15+02:00;Completo
0; josemponce;2023-09-26T14:30:38+02:00;2023-09-27T14:47:21+02:00;Completo
0; danibarranqueroo;2023-09-27T13:11:22+02:00;2023-09-28T17:31:15+02:00;Completo
0; sergioffdez;2023-09-28T20:44:44+02:00;;Incompleto
0; AlvaroSanPal95;2023-10-03T18:29:53+02:00;2023-10-07T10:59:17+02:00;Completo
0; eugrdfolcha;2023-10-05T19:51:42+02:00;2023-10-05T20:31:44+02:00;Completo
1; carlosservi;2023-09-21T12:09:42+02:00;2023-09-29T09:48:54+02:00;Completo
1; Morad02;2023-09-21T16:47:04+02:00;2023-09-24T09:53:50+02:00;Completo
1; puchy22;2023-09-21T18:02:13+02:00;2023-09-27T14:06:29+02:00;Completo
1; diagmatrix;2023-09-22T10:46:55+02:00;2023-09-29T19:34:11+02:00;Completo
1; adelahera;2023-09-22T11:41:06+02:00;2023-09-28T19:43:39+02:00;Completo
1; pluque01;2023-09-22T12:49:18+02:00;2023-10-02T19:22:14+02:00;Completo
1; manuelvico0102;2023-09-22T14:02:21+02:00;2023-09-25T20:29:34+02:00;Completo
1; moshidev;2023-09-22T18:31:45+02:00;2023-10-10T19:57:03+02:00;Completo
1; javigp2002;2023-09-23T12:28:43+02:00;2023-09-27T07:42:22+02:00;Completo
1; spmanolo;2023-09-23T12:58:15+02:00;2023-09-30T09:44:17+02:00;Completo
1; danieeeld2;2023-09-23T18:10:39+02:00;2023-09-26T20:39:14+02:00;Completo
1; MarioGuisado;2023-09-23T19:20:25+02:00;2023-09-25T17:56:50+02:00;Completo
1; raultl12;2023-09-23T19:25:38+02:00;2023-10-06T13:48:35+02:00;Completo
1; LuciaAnsino;2023-09-24T19:56:53+02:00;2023-09-26T09:42:21+02:00;Completo
1; DarckMonster;2023-09-25T11:06:05+02:00;2023-10-05T12:29:46+02:00;Completo
1; PabloBarTo;2023-09-25T14:16:42+02:00;2023-09-29T09:38:21+02:00;Completo
1; carlotiii30;2023-09-26T16:30:43+02:00;2023-10-02T20:17:05+02:00;Completo
1; marinajcs;2023-09-26T16:41:40+02:00;2023-10-03T11:31:25+02:00;Completo
1; migueruiz;2023-09-26T18:18:57+02:00;2023-09-29T09:56:29+02:00;Completo
1; Christianlr;2023-09-27T17:48:27+02:00;2023-10-03T11:25:55+02:00;Completo
1; johnwaves;2023-09-27T21:01:22+02:00;2023-10-01T18:05:52+02:00;Completo
1; chelunike;2023-09-28T09:07:33+02:00;2023-10-27T17:30:09+02:00;Completo
1; josemponce;2023-09-28T11:49:16+02:00;2023-10-01T11:41:07+02:00;Completo
1; Enaraque;2023-09-29T13:17:25+02:00;2023-10-05T09:54:52+02:00;Completo
1; JaimeGM96;2023-10-02T10:34:24+02:00;2023-10-12T09:43:45+02:00;Completo
1; shvtwp;2023-10-02T15:49:57+02:00;2023-10-05T07:14:39+02:00;Completo
1; danibarranqueroo;2023-10-05T09:40:37+02:00;2023-10-10T10:07:29+02:00;Completo
1; smallPingu;2023-10-06T14:23:48+02:00;2023-11-10T19:52:28+01:00;Completo
1; AlvaroSanPal95;2023-10-12T18:05:38+02:00;2023-11-02T20:08:58+01:00;Completo
1; giorgiogiovanni;2023-10-24T12:19:35+02:00;2023-10-29T17:26:42+01:00;Completo
1; sergioae19;2023-10-24T12:39:12+02:00;;Incompleto
2; javigp2002;2023-10-06T14:11:37+02:00;2023-10-23T10:26:28+02:00;Completo
2; danieeeld2;2023-10-06T14:14:15+02:00;2023-10-26T09:48:53+02:00;Completo
2; puchy22;2023-10-06T12:20:08+00:00;2023-11-02T07:08:09+01:00;Completo
2; adelahera;2023-10-10T20:44:16+02:00;2023-10-27T10:26:06+02:00;Completo
2; pluque01;2023-10-12T12:04:49+02:00;2023-10-26T09:55:45+02:00;Completo
2; LuciaAnsino;2023-10-12T20:26:48+02:00;2023-10-23T11:49:14+02:00;Completo
2; Morad02;2023-10-16T11:30:57+02:00;2023-10-20T10:25:04+02:00;Completo
2; MarioGuisado;2023-10-17T12:19:22+02:00;2023-10-26T11:26:51+02:00;Completo
2; Enaraque;2023-10-18T23:25:39+02:00;2023-10-20T14:23:55+02:00;Completo
2; DarckMonster;2023-10-19T08:43:00+02:00;2023-11-07T09:30:12+01:00;Completo
2; manuelvico0102;2023-10-19T11:07:12+02:00;2023-10-26T12:39:01+02:00;Completo
2; PabloBarTo;2023-10-19T19:12:11+02:00;2023-10-27T09:11:00+02:00;Completo
2; migueruiz;2023-10-20T08:43:22+02:00;2023-10-27T12:03:49+02:00;Completo
2; carlosservi;2023-10-20T10:03:52+02:00;2023-11-08T07:55:46+01:00;Completo
2; Christianlr;2023-10-21T01:02:12+02:00;2023-11-02T10:21:33+01:00;Completo
2; johnwaves;2023-10-23T16:10:56+02:00;2023-11-10T14:30:32+01:00;Completo
2; carlotiii30;2023-10-26T10:20:28+02:00;2023-11-10T11:41:12+01:00;Completo
2; josemponce;2023-10-26T11:35:30+02:00;2023-10-27T19:40:02+02:00;Completo
2; shvtwp;2023-10-26T18:56:36+02:00;2023-11-14T13:02:39+01:00;Completo
2; marinajcs;2023-10-26T19:37:16+02:00;2023-11-10T11:53:40+01:00;Completo
2; moshidev;2023-10-27T09:26:28+02:00;2023-10-28T13:29:48+02:00;Completo
2; raultl12;2023-10-27T13:29:22+02:00;2023-11-16T10:06:43+01:00;Completo
2; spmanolo;2023-11-02T09:30:08+01:00;2023-11-10T13:58:31+01:00;Completo
2; JaimeGM96;2023-11-15T18:50:56+01:00;2023-11-28T09:23:06+01:00;Completo
2; diagmatrix;2023-11-20T18:35:21+01:00;2023-11-22T08:29:16+01:00;Completo
2; danibarranqueroo;2023-11-21T12:09:27+01:00;2023-12-01T17:26:03+01:00;Completo
2; chelunike;2023-11-28T10:20:04+01:00;2023-12-11T08:04:43+01:00;Completo
2; Alvarosanpal95;2023-11-29T18:18:46+01:00;;Incompleto
2; ;2023-12-06T19:07:32+01:00;;Incompleto
3; Morad02;2023-10-26T19:44:43+02:00;2023-10-27T13:45:16+02:00;Completo
3; Enaraque;2023-10-27T00:54:45+02:00;2023-10-27T17:32:31+02:00;Completo
3; javigp2002;2023-10-28T13:47:35+02:00;2023-10-30T09:15:35+01:00;Completo
3; manuelvico0102;2023-10-29T19:09:46+01:00;2023-11-02T09:21:33+01:00;Completo
3; danieeeld2;2023-10-31T00:03:19+01:00;2023-11-02T11:54:19+01:00;Completo
3; MarioGuisado;2023-10-31T10:50:17+01:00;2023-11-07T20:32:45+01:00;Completo
3; pluque01;2023-10-31T19:09:36+01:00;2023-11-03T17:37:44+01:00;Completo
3; puchy22;2023-11-02T09:11:33+00:00;2023-11-03T20:16:24+01:00;Completo
3; adelahera;2023-11-03T12:25:27+01:00;2023-11-08T07:44:02+01:00;Completo
3; PabloBarTo;2023-11-03T18:46:53+01:00;2023-11-07T11:59:23+01:00;Completo
3; LuciaAnsino;2023-11-06T21:50:50+01:00;2023-11-10T14:27:18+01:00;Completo
3; Christianlr;2023-11-09T11:50:12+01:00;2023-11-17T13:33:55+01:00;Completo
3; migueruiz;2023-11-10T08:32:03+01:00;2023-11-15T17:50:50+01:00;Completo
3; carlosservi;2023-11-10T10:19:46+01:00;2023-11-17T10:01:41+01:00;Completo
3; marinajcs;2023-11-14T20:27:31+01:00;2023-11-16T14:22:40+01:00;Completo
3; carlotiii30;2023-11-15T11:08:06+01:00;2023-11-17T10:27:30+01:00;Completo
3; spmanolo;2023-11-17T13:44:19+01:00;2023-11-20T20:41:02+01:00;Completo
3; DarckMonster;2023-11-20T11:02:32+01:00;2023-11-27T18:32:01+01:00;Completo
3; josemponce;2023-11-21T09:37:15+01:00;2023-11-29T11:16:45+01:00;Completo
3; JaimeGM96;2023-11-21T19:31:07+01:00;2023-11-29T17:49:12+01:00;Completo
3; raultl12;2023-11-23T09:41:11+01:00;2023-11-24T17:26:25+01:00;Completo
3; shvtwp;2023-11-30T02:13:35+01:00;2023-12-01T13:10:05+01:00;Completo
3; johnwaves;2023-12-03T16:16:04+01:00;2023-12-11T08:25:21+01:00;Completo
3; moshidev;2023-12-07T13:10:05+00:00;2023-12-12T07:24:33+01:00;Completo
3; chelunike;2023-12-20T07:52:33+01:00;;Incompleto
4; Morad02;2023-11-02T17:21:28+01:00;2023-11-09T10:16:23+01:00;Completo
4; manuelvico0102;2023-11-06T13:11:58+01:00;2023-11-13T13:32:33+01:00;Completo
4; pluque01;2023-11-10T08:46:13+01:00;2023-11-24T11:32:56+01:00;Completo
4; adelahera;2023-11-10T09:04:44+01:00;2023-11-24T09:56:41+01:00;Completo
4; puchy22;2023-11-10T13:17:08+00:00;2023-11-18T12:11:04+01:00;Completo
4; javigp2002;2023-11-10T16:33:08+01:00;2023-11-13T10:11:53+01:00;Completo
4; danieeeld2;2023-11-10T18:39:29+01:00;2023-11-14T09:00:46+01:00;Completo
4; MarioGuisado;2023-11-11T21:03:04+01:00;2023-11-29T11:28:28+01:00;Completo
4; carlotiii30;2023-11-18T11:45:27+01:00;2023-12-01T17:14:49+01:00;Completo
4; Enaraque;2023-11-19T20:22:01+01:00;2023-11-29T17:42:47+01:00;Completo
4; migueruiz;2023-11-21T09:47:02+01:00;2023-11-24T09:41:17+01:00;Completo
4; PabloBarTo;2023-11-21T17:10:05+01:00;2023-11-24T11:25:55+01:00;Completo
4; marinajcs;2023-11-23T13:12:50+01:00;2023-11-29T17:40:48+01:00;Completo
4; carlosservi;2023-11-26T12:45:12+01:00;2023-12-02T19:10:30+01:00;Completo
4; spmanolo;2023-11-28T11:41:32+01:00;2023-12-17T18:14:32+01:00;Completo
4; LuciaAnsino;2023-11-30T08:53:21+01:00;2023-11-30T20:47:56+01:00;Completo
4; Christianlr;2023-11-30T09:29:52+01:00;2023-12-01T13:34:52+01:00;Completo
4; raultl12;2023-12-02T12:52:53+01:00;2023-12-15T17:43:27+01:00;Completo
4; DarckMonster;2023-12-07T13:46:19+01:00;;Incompleto
4; moshidev;2023-12-13T00:17:02+00:00;;Incompleto
4; shvtwp;2023-12-13T20:10:38+01:00;2023-12-15T13:26:03+01:00;Completo
4; JaimeGM96;2023-12-21T15:51:02+01:00;;Incompleto
5; Morad02;2023-11-16T20:27:02+01:00;2023-11-18T12:10:38+01:00;Completo
5; javigp2002;2023-11-18T14:38:06+01:00;2023-11-23T10:06:14+01:00;Completo
5; manuelvico0102;2023-11-23T19:23:45+01:00;2023-11-25T18:49:28+01:00;Completo
5; danieeeld2;2023-11-23T21:32:13+01:00;2023-11-26T17:12:35+01:00;Completo
5; migueruiz;2023-11-26T10:40:30+01:00;2023-11-29T11:13:19+01:00;Completo
5; puchy22;2023-11-26T18:19:34+00:00;2023-11-30T10:17:34+01:00;Completo
5; pluque01;2023-11-27T16:54:15+01:00;2023-11-30T10:01:44+01:00;Completo
5; PabloBarTo;2023-11-27T17:50:26+01:00;2023-11-29T15:04:14+01:00;Completo
5; MarioGuisado;2023-11-27T21:28:50+01:00;2023-11-28T11:08:11+01:00;Completo
5; adelahera;2023-11-28T20:58:52+01:00;2023-11-30T10:01:44+01:00;Completo
5; Enaraque;2023-11-30T10:20:21+01:00;2023-12-01T17:14:49+01:00;Completo
5; carlotiii30;2023-12-03T13:34:14+01:00;2023-12-11T12:50:41+01:00;Completo
5; LuciaAnsino;2023-12-03T21:03:23+01:00;2023-12-15T10:23:18+01:00;Completo
5; Christianlr;2023-12-08T21:23:33+01:00;2023-12-15T17:31:04+01:00;Completo
5; carlosservi;2023-12-14T12:57:24+01:00;2023-12-17T19:13:12+01:00;Completo
5; marinajcs;2023-12-15T10:41:10+01:00;2023-12-22T09:57:06+01:00;Completo
6; javigp2002;2023-11-24T19:42:45+01:00;2023-11-25T18:25:45+01:00;Completo
6; Morad02;2023-11-25T09:16:18+01:00;2023-11-29T09:38:26+01:00;Completo
6; MarioGuisado;2023-11-29T23:26:53+01:00;2023-11-30T12:31:41+01:00;Completo
6; danieeeld2;2023-11-30T01:35:02+01:00;2023-11-30T12:34:57+01:00;Completo
6; migueruiz;2023-11-30T14:16:01+01:00;2023-12-01T11:28:21+01:00;Completo
6; manuelvico0102;2023-12-01T09:43:32+01:00;2023-12-01T14:18:43+01:00;Completo
6; adelahera;2023-12-01T10:02:27+01:00;2023-12-01T19:31:04+01:00;Completo
6; pluque01;2023-12-01T10:03:10+01:00;2023-12-01T11:28:21+01:00;Completo
6; PabloBarTo;2023-12-01T12:23:27+01:00;2023-12-01T17:18:11+01:00;Completo
6; carlotiii30;2023-12-11T15:48:18+01:00;2023-12-15T09:38:24+01:00;Completo
6; LuciaAnsino;2023-12-22T13:46:51+01:00;;Incompleto
7; pluque01;2023-12-05T17:54:03+01:00;2023-12-11T18:19:31+01:00;Completo
7; danieeeld2;2023-12-06T15:19:08+01:00;2023-12-11T17:25:23+01:00;Completo
7; Morad02;2023-12-17T10:44:13+01:00;2023-12-20T12:02:59+01:00;Completo
7; carlotiii30;2023-12-18T14:55:38+01:00;2023-12-24T12:12:43+01:00;Completo
7; adelahera;2023-12-20T11:23:16+01:00;2023-12-22T10:21:00+01:00;Completo
7; javigp2002;2023-12-21T12:32:29+01:00;;Incompleto
7; manuelvico0102;2023-12-23T19:58:59+01:00;;Incompleto
8; pluque01;2023-12-14T10:26:40+01:00;;Incompleto
8; danieeeld2;2023-12-17T13:25:38+01:00;2023-12-24T10:32:27+01:00;Completo
